{"Temps": [50, 100, 150, 200, 250, 300, 350, 400, 450, 500, 550, 600, 650, 700, 750, 800, 850, 900, 950, 1000, 1050, 1100, 1150, 1200, 1250, 1300], "dopings": [1.5e+20], "relaxation_time": 1e-14, "eff_mass": {"average": [[0.75460453927701532, 0.74541306573335075, 0.76168026079812223, 0.78075079605286801, 0.80726240738038191, 0.83550379767870642, 0.87103870817962137, 0.90835108974284418, 0.95334028411019112, 1.0007421065117081, 1.056356472962082, 1.1150084436521668, 1.1796530971016941, 1.2504537097758646, 1.3275074758335772, 1.4108219846373278, 1.500279204976845, 1.5955827924955817, 1.6961858908454468, 1.8011953536833381, 1.9116801775662537, 2.0233654481668122, 2.1362724174376928, 2.2474715667227394, 2.3566364225676586, 2.4538129209448658]]}}