{"Temps": [50, 100, 150, 200, 250, 300, 350, 400, 450, 500, 550, 600, 650, 700, 750, 800, 850, 900, 950, 1000, 1050, 1100, 1150, 1200, 1250, 1300], "dopings": [2.9e+20], "relaxation_time": 50, "seebeck": {"eigs": [[[-10.127240808667635, 20.401493923291532, 20.556105885376105], [5.771111289926551, 37.84374866038683, 37.8555769496866], [14.281952440497374, 51.26338740870054, 51.266372150802106], [20.626477210055548, 64.85488479638705, 64.86286499355742], [26.58885759285452, 78.03799143332697, 78.0471549738186], [32.32333309490495, 89.65514814292115, 89.66408176217384], [38.7599059859047, 100.20569393082158, 100.21394708327372], [45.12019250405528, 108.92487157533671, 108.93247892060808], [52.170176770014216, 116.85504683329533, 116.8619633966905], [59.44693790475367, 123.83444960155366, 123.84073049369275], [66.88565496813091, 130.08607849093946, 130.0917815409297], [74.424103993206, 135.79248614363624, 135.7976738631577], [82.0065269977097, 141.09621037179485, 141.1009496304955], [89.58566399104352, 146.10586623165395, 146.11021377730245], [97.12335497816942, 150.9029795914183, 150.90698043041215], [104.59010996169194, 155.5478775739681, 155.55157246434], [111.96399994296002, 160.08425624369983, 160.08768381334016], [119.22919992264937, 164.54246831582228, 164.54565176152843], [126.05239989998154, 168.55999892132067, 168.56297117869778], [132.75958987611344, 172.54708048016823, 172.54985964371838], [139.342729851068, 176.50432540812173, 176.50692474081026], [145.79353982477977, 180.4229775993832, 180.4254225758372], [151.80589979593952, 183.94373481133852, 183.9460153927219], [157.38640976426976, 187.07129199145092, 187.07342824427926], [162.82006973058623, 190.1196692270632, 190.12166104235055], [167.80981969307558, 192.7354767373818, 192.73732356954267]]], "average": [[10.276786333333332, 27.156812299999999, 38.937237333333336, 50.114742333333339, 60.891334666666665, 70.547521000000003, 79.726515666666671, 87.659181000000004, 95.295728999999994, 102.37403933333331, 109.02117166666669, 115.33808799999998, 121.401229, 127.267248, 132.97777166666665, 138.56318666666667, 144.04531333333333, 149.43910666666667, 154.39178999999999, 159.28550999999999, 164.11799333333332, 168.88064666666665, 173.23188333333329, 177.17704333333336, 181.02046666666664, 184.42754000000002]]}}