{"Temps": [50, 100, 150, 200, 250, 300, 350, 400, 450, 500, 550, 600, 650, 700, 750, 800, 850, 900, 950, 1000, 1050, 1100, 1150, 1200, 1250, 1300], "dopings": [1e+20], "relaxation_time": 10, "seebeck": {"average": [[-2.1225292999999996, 15.333746039999999, 26.467214899999998, 36.002708333333331, 45.071142666666674, 54.095965, 62.746139999999997, 71.518638666666661, 79.79073666666666, 88.56904733333333, 96.770043999999999, 104.72355833333334, 112.82943366666666, 120.67210300000001, 128.22604900000002, 135.86499133333334, 142.70513666666668, 149.07773333333333, 154.86405333333335, 159.90345333333332, 163.66785000000002, 166.01319666666666, 166.80291000000003, 165.73135333333335, 162.89136000000002, 158.45395333333335]]}}