{"Temps": [50, 100, 150, 200, 250, 300, 350, 400, 450, 500, 550, 600, 650, 700, 750, 800, 850, 900, 950, 1000, 1050, 1100, 1150, 1200, 1250, 1300], "dopings": [1.5e+20], "relaxation_time": 60, "seebeck": [[7.2630903333333334, 22.637319766666664, 35.170707666666665, 45.21712466666667, 54.042061999999994, 62.681908999999997, 70.751098333333331, 78.921502000000004, 86.488755000000012, 94.198650000000001, 101.27826233333333, 108.54444366666667, 115.61193866666666, 122.49401866666666, 129.201246, 135.73851099999999, 142.10240333333334, 148.27855, 154.23893666666666, 159.93903333333336, 164.96303333333336, 169.61024999999998, 173.46374666666668, 176.46677, 178.29524333333336, 179.45149333333336]]}