{"Temps": [50, 100, 150, 200, 250, 300, 350, 400, 450, 500, 550, 600, 650, 700, 750, 800, 850, 900, 950, 1000, 1050, 1100, 1150, 1200, 1250, 1300], "dopings": [4e+20], "relaxation_time": 25, "seebeck": {"average": [[4.7765795999999998, 12.772456400000001, 23.185707066666666, 34.140466033333333, 44.210404666666655, 53.863886333333333, 62.463101999999999, 70.779229333333333, 78.715519999999998, 86.408276999999998, 93.951372666666671, 101.40604266666668, 108.81111266666666, 116.19079166666667, 123.55985699999998, 130.60602333333333, 137.97979000000001, 145.04571666666666, 152.12136000000001, 158.90188333333333, 165.6864166666667, 172.46004666666667, 179.20315333333335, 185.34389666666667, 191.68969666666669, 197.40431333333333]]}}