{"Temps": [50, 100, 150, 200, 250, 300, 350, 400, 450, 500, 550, 600, 650, 700, 750, 800, 850, 900, 950, 1000, 1050, 1100, 1150, 1200, 1250, 1300], "dopings": [3.2e+20], "relaxation_time": 47, "seebeck": {"average": [[17.137546799999999, 23.38611933333333, 33.560360666666661, 43.923738333333326, 54.332708666666669, 63.971529666666669, 72.739248666666654, 81.116489000000016, 88.507952000000003, 95.836099999999988, 102.45105166666667, 109.22235933333333, 115.82537633333332, 121.92990633333334, 128.32441433333329, 134.28739999999999, 140.56390333333334, 146.44561666666667, 152.29790666666668, 158.11897999999999, 163.57752000000002, 169.00111666666663, 174.37099999999998, 179.36194999999998, 183.96688333333336, 188.45179333333331]]}}