{"Temps": [50, 100, 150, 200, 250, 300, 350, 400, 450, 500, 550, 600, 650, 700, 750, 800, 850, 900, 950, 1000, 1050, 1100, 1150, 1200, 1250, 1300], "dopings": [2.274e+20], "relaxation_time": 2.2, "seebeck": {"average": [[18.101769266666668, 26.586934899999999, 35.252968333333335, 43.256233333333341, 51.345029666666676, 59.427366333333318, 67.353266000000005, 74.641903666666664, 82.041655000000006, 89.186456000000007, 96.109875666666667, 102.84967, 109.44082833333333, 115.91276033333332, 122.28846600000001, 128.58445266666669, 134.810821, 140.97113000000002, 147.06202999999999, 152.7199433333333, 158.29656000000003, 163.76411333333331, 168.76259999999999, 173.58576000000002, 177.87630666666666, 181.60244666666668]]}}