{"Temps": [50, 100, 150, 200, 250, 300, 350, 400, 450, 500, 550, 600, 650, 700, 750, 800, 850, 900, 950, 1000, 1050, 1100, 1150, 1200, 1250, 1300], "dopings": [8e+20], "resistivity": {"average": [[0.55248899811162588, 0.62213580599190954, 0.68897138494457932, 0.75844102674484903, 0.83164589032501568, 0.90879442867816529, 0.98983937633929497, 1.0738927468197457, 1.1620089836045544, 1.2534741233964564, 1.3505970359104591, 1.4517795958565287, 1.5572291564468637, 1.6700283037510271, 1.7863859987495658, 1.9113941128455414, 2.0422820438726954, 2.1791657939274125, 2.3246585743731258, 2.4796006836842617, 2.6418052503543996, 2.8113344725616551, 2.9919322576591547, 3.1805430541586741, 3.3771718628132201, 3.5865381078218879]]}, "relaxation_time": 85}