{"Temps": [50, 100, 150, 200, 250, 300, 350, 400, 450, 500, 550, 600, 650, 700, 750, 800, 850, 900, 950, 1000, 1050, 1100, 1150, 1200, 1250, 1300], "dopings": [3.1e+20], "resistivity": {"average": [[0.13878710685819612, 0.27892956304292554, 0.42602771507111353, 0.57752169481903648, 0.73344850504070003, 0.89472348011644831, 1.0622583079080627, 1.2369625130387703, 1.4208595947161404, 1.6131356561052885, 1.815830400351109, 2.0321652057103599, 2.2602740871645772, 2.5009052443349411, 2.7607267573434244, 3.0362943444463393, 3.3324420198771305, 3.6516831020666234, 3.996786192216411, 4.3648585335490857, 4.7567982596930101, 5.1883684734323969, 5.6401366055750231, 6.1285932007052031, 6.6568920931271913, 7.2048871383489486]]}, "relaxation_time": 35}