{"Temps": [50, 100, 150, 200, 250, 300, 350, 400, 450, 500, 550, 600, 650, 700, 750, 800, 850, 900, 950, 1000, 1050, 1100, 1150, 1200, 1250, 1300], "dopings": [5e+20], "resistivity": {"average": [[0.89952025886034204, 0.92468133054061086, 0.92729649590510965, 0.92858826586652077, 0.93253112157093965, 0.93944162032636014, 0.95062566283562644, 0.9648927162323373, 0.98251942701274853, 1.0024957733775699, 1.0253421936023241, 1.0510146968314318, 1.0795422618605528, 1.1097997753958357, 1.1429249568399822, 1.1790851624195533, 1.2169331027911985, 1.2580050857774165, 1.3007482118337925, 1.3469518516638026, 1.3968742602852353, 1.4464142794090766, 1.5019797670408355, 1.5593267384135041, 1.6182828181254065, 1.6786599365161028]]}, "relaxation_time": 9e-15}