{"Temps": [50, 100, 150, 200, 250, 300, 350, 400, 450, 500, 550, 600, 650, 700, 750, 800, 850, 900, 950, 1000, 1050, 1100, 1150, 1200, 1250, 1300], "dopings": [1.6e+21], "resistivity": {"average": [[0.84259619553392473, 0.86361573703810024, 0.88766024087051199, 0.90894592064816304, 0.92648121072386747, 0.94142995580939093, 0.95352857578488948, 0.96411531186264987, 0.97385662035969367, 0.98371685364586059, 0.99354422385161822, 1.0043709823403058, 1.0165617384516685, 1.029213767588373, 1.042232798837722, 1.0568446288746354, 1.0731812696144805, 1.0883982993053878, 1.106805715583675, 1.1238700481291053, 1.1426437361835806, 1.1614844490449967, 1.1820974555659616, 1.2027216551905453, 1.2232770959252992, 1.2456522563318959]]}, "relaxation_time": 0.12}