{"Temps": [50, 100, 150, 200, 250, 300, 350, 400, 450, 500, 550, 600, 650, 700, 750, 800, 850, 900, 950, 1000, 1050, 1100, 1150, 1200, 1250, 1300], "dopings": [1.1e+21], "resistivity": {"average": [[0.60728047574760546, 0.65111630850379809, 0.70749084085894876, 0.7740955692630539, 0.84662879618171472, 0.92491203735058225, 1.0057519921955578, 1.089439373017008, 1.1767865817371317, 1.2661887999229184, 1.3577814040860403, 1.4543413771326039, 1.5539649108569431, 1.658467122290705, 1.7666591374834211, 1.8806853154700367, 1.9989495592028568, 2.1239857407355749, 2.2537511185704857, 2.3912342784237262, 2.5339092692199632, 2.6852812641012678, 2.8422996133224756, 3.0048945110056522, 3.1729772141595505, 3.3511907430170704]]}, "relaxation_time": 5.4}