{"Temps": [50, 100, 150, 200, 250, 300, 350, 400, 450, 500, 550, 600, 650, 700, 750, 800, 850, 900, 950, 1000, 1050, 1100, 1150, 1200, 1250, 1300], "dopings": [8e+20], "resistivity": {"average": [[0.15005803299350579, 0.30354881837632419, 0.4575751588132414, 0.61440332945655751, 0.77573470723631466, 0.94284761955741525, 1.1166812270855941, 1.2970683020620335, 1.48561774795263, 1.6818992488013409, 1.8895181314582403, 2.1066292145443506, 2.3336240479198929, 2.576038066231285, 2.8274054613300583, 3.0971866381000615, 3.3804492918644957, 3.677413772761855, 3.9933553335975298, 4.3301853148792064, 4.683512858178335, 5.0534143947538581, 5.4477887582689677, 5.8601862077214788, 6.2905184428361567, 6.7489638710583142]]}, "relaxation_time": 2.2}