{"Temps": [50, 100, 150, 200, 250, 300, 350, 400, 450, 500, 550, 600, 650, 700, 750, 800, 850, 900, 950, 1000, 1050, 1100, 1150, 1200, 1250, 1300], "dopings": [2.2e+20], "resistivity": {"average": [[1.7693210000650521, 1.8543352875554817, 1.9191737419672181, 1.9873251844433191, 2.0715741577145201, 2.1627794311024986, 2.2731305811985729, 2.382642960682309, 2.5260936208692519, 2.6713975811812789, 2.8308569751409989, 3.0185641696433061, 3.2103239223258275, 3.4339964365190041, 3.6630745092798866, 3.9282502267739576, 4.200333600575358, 4.4959045007540839, 4.8166754382607886, 5.1452274403541045, 5.5008114393642513, 5.8853309648041199, 6.2786334462217681, 6.7028351053141861, 7.1357430788453655, 7.6013382672910579]]}, "relaxation_time": 200}