{"Temps": [50, 100, 150, 200, 250, 300, 350, 400, 450, 500, 550, 600, 650, 700, 750, 800, 850, 900, 950, 1000, 1050, 1100, 1150, 1200, 1250, 1300], "dopings": [5e+19], "resistivity": {"average": [[0.29892032608716185, 0.62090540052961996, 0.94951440456554637, 1.2863776173587707, 1.6429936204693609, 2.0220822053417362, 2.4289451092847747, 2.8784663218260174, 3.3705302126474934, 3.9389968192837026, 4.5726013731320725, 5.2990011753714512, 6.1130678905582831, 7.0792619082246748, 8.1695121485955831, 9.3957209706892222, 10.813498403549165, 12.45370149663105, 14.234871594839001, 16.146904537482008, 18.246184417214771, 20.377856817597436, 22.49824823014718, 24.563284453052294, 26.353328125177804, 28.005334344064515]]}, "relaxation_time": 30}