{"Temps": [50, 100, 150, 200, 250, 300, 350, 400, 450, 500, 550, 600, 650, 700, 750, 800, 850, 900, 950, 1000, 1050, 1100, 1150, 1200, 1250, 1300, 1350, 1400, 1450, 1500, 1550, 1600, 1650, 1700, 1750, 1800, 1850, 1900, 1950, 2000], "dopings": [8e+19], "resistivity": {"average": [[1.7160946683074623, 2.0049750287477828, 2.065646103729363, 2.0936280988855933, 2.13200326878599, 2.1694477893562949, 2.2239575515890873, 2.296975100703389, 2.3802233364905421, 2.4840466163342074, 2.5994075316846321, 2.7378699965726976, 2.8896037283701581, 3.0677157355982558, 3.274964839458947, 3.4999760622053873, 3.7433504409543596, 4.0056729943214773, 4.2874758165909119, 4.5891785841184145, 4.9109996074834452, 5.232601247650976, 5.5299826933477298, 5.8410044762158142, 6.098569173216001, 6.3418707978526268, 6.5249412453509379, 6.6684113305324191, 6.7518554951322374, 6.7788826020728212, 6.773393722021777, 6.7386193756917798, 6.6616298527458717, 6.5647262566373508, 6.4514855037298098, 6.3385405239576613, 6.2014285575683781, 6.0799844511288308, 5.9398290623518788, 5.8052548146792704]]}, "relaxation_time": 9.5e-15}