{"Temps": [50, 100, 150, 200, 250, 300, 350, 400, 450, 500, 550, 600, 650, 700, 750, 800, 850, 900, 950, 1000, 1050, 1100, 1150, 1200, 1250, 1300], "dopings": [2e+20], "resistivity": {"average": [[1.9938599216636361, 2.0105116518934718, 2.0394020913578994, 2.0684396485572103, 2.1137610409489622, 2.1634373974125025, 2.2177282833393308, 2.2890911180502456, 2.3662859528163525, 2.4622327960347414, 2.5526166183748469, 2.6628840930701423, 2.7675234882485968, 2.8929549949934525, 3.0263799858954545, 3.1679617188574634, 3.3031871990837747, 3.4462239723934487, 3.6125843363834305, 3.7721544287834092, 3.9241488399517528, 4.1004749323151, 4.2524658348389899, 4.4291768683651407, 4.580330738231936, 4.7391661823818056]]}, "relaxation_time": 0.2}