{"Temps": [50, 100, 150, 200, 250, 300, 350, 400, 450, 500, 550, 600, 650, 700, 750, 800, 850, 900, 950, 1000, 1050, 1100, 1150, 1200, 1250, 1300], "dopings": [2.5e+20], "resistivity": {"average": [[1.9056880764268123, 1.9238132613694987, 1.9876243985538011, 2.0737802199289548, 2.1658310471759328, 2.263533097943446, 2.379082503295701, 2.5040168603801929, 2.6397245073691575, 2.7873802563044094, 2.9480118290822062, 3.1225722618673069, 3.3258884134193889, 3.5317789041986325, 3.7545468594968896, 3.9952698136217295, 4.2383579079046614, 4.5177146004638917, 4.8003461763884685, 5.1042806892788795, 5.4308888365263508, 5.7607167887539603, 6.0926672239374842, 6.4706226546928924, 6.8284170069253207, 7.2107183497936083]]}, "relaxation_time": 17}