{"Temps": [50, 100, 150, 200, 250, 300, 350, 400, 450, 500, 550, 600, 650, 700, 750, 800, 850, 900, 950, 1000, 1050, 1100, 1150, 1200, 1250, 1300], "dopings": [1.4e+20], "resistivity": {"average": [[0.32199114688561553, 0.66368534049718231, 1.006365547223091, 1.3537310672672465, 1.7121985198300624, 2.0965513250702306, 2.5054074522217231, 2.9555996374484153, 3.4426954901067774, 3.9715311118229857, 4.5659765345333945, 5.2174240606971454, 5.9562704915559133, 6.7432708226134057, 7.6374248634915318, 8.622245685588128, 9.7059723686981521, 10.897268561494622, 12.157873882888953, 13.587082823765831, 15.094802719796649, 16.737580540888864, 18.524681405582431, 20.318966802211673, 22.252662215788071, 24.165853150071317]]}, "relaxation_time": 2.5}