{"Temps": [50, 100, 150, 200, 250, 300, 350, 400, 450, 500, 550, 600, 650, 700, 750, 800, 850, 900, 950, 1000, 1050, 1100, 1150, 1200, 1250, 1300], "dopings": [2.9e+20], "resistivity": {"eigs": [[[2.2199333273688144, 2.213899122963603, 1.4603045367347498], [2.227777380969498, 2.227652998462592, 1.4572505424294038], [2.2987032577441258, 2.2983341524920244, 1.5060499414538], [2.3712080158236324, 2.370896158133109, 1.5721930373046686], [2.438782570705314, 2.438550255139242, 1.649769804624576], [2.489154429527489, 2.488984318545119, 1.7328977379585118], [2.5592584365773576, 2.559130891321618, 1.8283792142469764], [2.6213934835666346, 2.6212981602329593, 1.9270023071792943], [2.7092565201224184, 2.7091836648591947, 2.037668024093754], [2.808746259886086, 2.8086901748823774, 2.155871169644182], [2.920811506311528, 2.9207680165789913, 2.281737982671672], [3.046101213013388, 3.0460670877921423, 2.4155671709359874], [3.185145497775603, 3.185117990976116, 2.5578019686246187], [3.3384597463156087, 3.33843624931453, 2.7090055164164677], [3.5066017693095217, 3.506579841416862, 2.8698434680267466], [3.6902011484484176, 3.690178523920027, 3.0410700985755597], [3.8899731641460398, 3.889948297459929, 3.223518343420933], [4.106723873919812, 4.10669569858366, 3.418092588590628], [4.323896932052214, 4.323864770959022, 3.614747576968609], [4.559000399961927, 4.558963849556774, 3.824241044061761], [4.812931064644788, 4.8128898411584915, 4.047598660450913], [5.08664698733924, 5.086600736430677, 4.285892250859376], [5.361824788165414, 5.361773308278309, 4.526695361079388], [5.637905960909544, 5.6378489797792835, 4.769228811458886], [5.934428881506856, 5.9343660469204025, 5.027415522096545], [6.231384803092421, 6.231316009432833, 5.286986405752845]]], "average": [[1.8904253843517744, 1.8939338568133266, 1.9555258344599469, 2.0276276138883094, 2.103395132972357, 2.1729977725649392, 2.2583077401707179, 2.3402622740402261, 2.4410548181635652, 2.5511978810723934, 2.6713951031997576, 2.802266135195759, 2.944414769416464, 3.0984696019112037, 3.2651085115072225, 3.4450717271748168, 3.6391688797696009, 3.8482817382465564, 4.0584858893839515, 4.2845867716098995, 4.5275566899153654, 4.7884177743213243, 5.0511782220471426, 5.315181992498478, 5.5977713827154023, 5.8811837998917698]]}, "relaxation_time": 430}