{"Temps": [50, 100, 150, 200, 250, 300, 350, 400, 450, 500, 550, 600, 650, 700, 750, 800, 850, 900, 950, 1000, 1050, 1100, 1150, 1200, 1250, 1300], "dopings": [1e+20], "resistivity": {"average": [[0.40208602632543661, 0.6674184430930864, 0.99328844105523018, 1.3462717679102862, 1.7287137319640595, 2.1511360974332718, 2.6101783639935801, 3.1285115668489807, 3.695895326330926, 4.3573105311206426, 5.0846996125992794, 5.8990496517945834, 6.8341386388057668, 7.883005788530566, 9.0568335779206723, 10.405805065660369, 11.870182226882983, 13.495502185292928, 15.293210219932423, 17.273378989465005, 19.374524789325047, 21.580570710061739, 23.870690084741941, 26.134160496935838, 28.329712717354411, 30.419372650478955]]}, "relaxation_time": 25}