{"Temps": [50, 100, 150, 200, 250, 300, 350, 400, 450, 500, 550, 600, 650, 700, 750, 800, 850, 900, 950, 1000, 1050, 1100, 1150, 1200, 1250, 1300], "dopings": [1.5e+20], "resistivity": [[1.7910027223062279, 1.7631868243019946, 1.7984387213927973, 1.8488412763231703, 1.9030758641274372, 1.9767108669758982, 2.0547899043076119, 2.1519634528890585, 2.2522839059720119, 2.3721665537989818, 2.494412785588334, 2.6374793124914326, 2.7928707096920937, 2.9610086095470738, 3.1423737918986836, 3.3374949299280146, 3.5469329458001688, 3.7712573046268414, 4.0110125290393972, 4.2666713391458577, 4.5226246105191059, 4.7935234512908673, 5.0619970621181452, 5.3257840699194503, 5.5645915247598445, 5.8115564465919993]], "relaxation_time": 1e-14}