{"Temps": [50, 100, 150, 200, 250, 300, 350, 400, 450, 500, 550, 600, 650, 700, 750, 800, 850, 900, 950, 1000, 1050, 1100, 1150, 1200, 1250, 1300], "dopings": [4e+20], "resistivity": {"average": [[2.011644044821908, 2.0354873928424446, 2.0604332687594007, 2.084966360068564, 2.104042689107275, 2.1423185547911032, 2.1796086926717955, 2.2316844386063446, 2.2906973036985456, 2.3562886402374281, 2.4281125590038029, 2.5058895797498382, 2.5894226290824331, 2.6785931347422238, 2.7733504370908451, 2.8634495529684694, 2.9691579254937759, 3.0698206579868743, 3.1757821257467316, 3.2759559190778527, 3.3812235485332067, 3.4917117041415127, 3.6075532786015394, 3.7049161443729051, 3.8192416110647001, 3.9143371898477604]]}, "relaxation_time": 0.26}