{"Temps": [50, 100, 150, 200, 250, 300, 350, 400, 450, 500, 550, 600, 650, 700, 750, 800, 850, 900, 950, 1000, 1050, 1100, 1150, 1200, 1250, 1300], "dopings": [3.2e+20], "resistivity": {"average": [[1.7152607586746533, 1.7411231517437995, 1.8098808490281377, 1.8805965613367099, 1.9620526461105285, 2.0473934903730004, 2.1385210043480067, 2.2463694760584008, 2.3536978598729177, 2.4804004215569497, 2.6072721450641168, 2.7554681604331441, 2.915500991060421, 3.0761465628799427, 3.2612711553115683, 3.4474012207164986, 3.6605133339908584, 3.8751652409210378, 4.1050928330126757, 4.3512203718094833, 4.5987167659798791, 4.8631165928507158, 5.1453727938257101, 5.428781562745999, 5.7123964321962211, 6.0139944978397351]]}, "relaxation_time": 24}