{"Temps": [50, 100, 150, 200, 250, 300, 350, 400, 450, 500, 550, 600, 650, 700, 750, 800, 850, 900, 950, 1000, 1050, 1100, 1150, 1200, 1250, 1300], "dopings": [2.274e+20], "resistivity": {"average": [[0.31174392317664074, 0.64928139266876472, 1.010064649133998, 1.3866265486148042, 1.7910988961775127, 2.2272554698224214, 2.6988185727382903, 3.1981396154066295, 3.751412870245137, 4.3535082834443015, 5.0095183988877077, 5.7247699816999322, 6.504846332983818, 7.3556223945815438, 8.2833012915727604, 9.2944478322087178, 10.396013426592726, 11.595348532429611, 12.900198093893907, 14.269703488137884, 15.752235201219239, 17.355624604458086, 19.025249075199767, 20.821405502005327, 22.678759356110831, 24.588660881988581]]}, "relaxation_time": 2.8}