{"ac": {"3.5e+20": [84.6262916190057, 42.382743232022825, 28.329893546680193, 21.313180785193648, 17.125605996543015, 14.342414351697013, 12.362013979148786, 10.891430026763157, 9.746385944854877, 8.835276921595852, 8.093862704999978, 7.479226472678014, 6.961600626675792, 6.519692341068038, 6.1335447220641335, 5.796330759530103, 5.4952521426621725, 5.231055354377645, 4.99091648797886, 4.771101344728341, 4.57150770836943, 4.389204701609757, 4.219346257920665, 4.062774939436986, 3.9136234370348544, 3.7773192763884116], "temperatures": [50, 100, 150, 200, 250, 300, 350, 400, 450, 500, 550, 600, 650, 700, 750, 800, 850, 900, 950, 1000, 1050, 1100, 1150, 1200, 1250, 1300]}, "ionic": {"3.5e+20": [445.8761705799163, 444.8371121521186, 443.1954679914312, 441.6699067880947, 439.1335152426781, 436.5347073472896, 433.8450220660791, 430.17448507228744, 427.35110226491366, 424.507057280989, 421.69903246387906, 418.98618418713215, 416.4249264487267, 414.06641982341716, 412.6454669672763, 411.45415758577644, 411.1601087302262, 410.49264570036354, 410.7172004953939, 411.7716316245193, 413.06272805337284, 414.6006303492206, 416.8731629679785, 419.35407380790724, 422.91859711564655, 426.1864159276517], "temperatures": [50, 100, 150, 200, 250, 300, 350, 400, 450, 500, 550, 600, 650, 700, 750, 800, 850, 900, 950, 1000, 1050, 1100, 1150, 1200, 1250, 1300]}, "unit": "fs"}