{"ac": {"2.9e+20": [939.9070124278381, 470.3770724203292, 314.45173076660274, 236.81536271257858, 190.4163632307455, 159.40960430047645, 137.48785062587916, 120.94626968982332, 108.21407644452614, 98.0227792509922, 89.66679742975887, 82.67780504577549, 76.73342114676485, 71.60496861365891, 67.12609543864018, 63.173151184332056, 59.65252915813817, 56.49222287101039, 53.60024990179745, 50.97600928212704, 48.58284235955402, 46.39119883365893, 44.35445944088448, 42.46011135969929, 40.71557810379765, 39.089506065344786], "temperatures": [50, 100, 150, 200, 250, 300, 350, 400, 450, 500, 550, 600, 650, 700, 750, 800, 850, 900, 950, 1000, 1050, 1100, 1150, 1200, 1250, 1300]}, "ionic": {"2.9e+20": [7.132482986923887, 7.160299992151966, 7.177436755740163, 7.194266789682817, 7.217576669374721, 7.2720489144227525, 7.310599557507898, 7.3774628963624584, 7.428814288188202, 7.486742057855482, 7.551396461122417, 7.623014193951291, 7.701844839558127, 7.788111859360868, 7.8819945052729015, 7.9836208250280025, 8.093064161536079, 8.21033961917744, 8.346963230321698, 8.489927790635077, 8.639162151133505, 8.794511143094459, 8.964944343555613, 9.148690082652585, 9.335782066463842, 9.533859214983732], "temperatures": [50, 100, 150, 200, 250, 300, 350, 400, 450, 500, 550, 600, 650, 700, 750, 800, 850, 900, 950, 1000, 1050, 1100, 1150, 1200, 1250, 1300]}, "unit": "fs"}