{"Temps": [50, 100, 150, 200, 250, 300, 350, 400, 450, 500, 550, 600, 650, 700, 750, 800, 850, 900, 950, 1000, 1050, 1100, 1150, 1200, 1250, 1300], "dopings": [8e+20], "relaxation_time": 47, "seebeck": {"average": [[4.3898590333333329, 5.5921543666666667, 9.5002233333333326, 11.853955333333333, 12.924202333333334, 13.547820000000002, 14.281103666666667, 15.242033333333332, 16.669572999999996, 18.399490333333333, 20.748674666666666, 23.311736999999997, 26.025642333333334, 29.235452666666664, 32.308525333333336, 35.814425666666665, 39.321145999999999, 42.80255566666667, 46.448751333333341, 50.24567866666667, 53.968222999999995, 57.603417666666665, 61.352007000000008, 64.991248333333331, 68.511322666666658, 72.111658999999989]]}}