{"Temps": [50, 100, 150, 200, 250, 300, 350, 400, 450, 500, 550, 600, 650, 700, 750, 800, 850, 900, 950, 1000, 1050, 1100, 1150, 1200, 1250, 1300], "dopings": [3.1e+20], "relaxation_time": 47, "seebeck": {"average": [[-5.2661195000000003, -1.1882133866666666, 1.7055664766666665, 4.3194172000000002, 7.2488062999999991, 10.233023299999999, 13.219166366666668, 16.215221999999997, 19.425547666666667, 22.580185666666665, 25.883450333333332, 29.544088000000002, 33.241455999999999, 36.975759333333336, 41.111893666666667, 45.277585333333342, 49.646352333333333, 54.203705333333339, 58.929789999999997, 63.594865999999996, 68.161246333333338, 73.003276333333332, 77.458368666666672, 81.892426333333333, 86.250546999999997, 90.069852333333316]]}}