{"Temps": [50, 100, 150, 200, 250, 300, 350, 400, 450, 500, 550, 600, 650, 700, 750, 800, 850, 900, 950, 1000, 1050, 1100, 1150, 1200, 1250, 1300], "dopings": [5e+20], "relaxation_time": 0.2, "seebeck": {"average": [[-4.2103201333333331, 2.9877474999999998, 4.6772310999999993, 5.6290638333333334, 7.1413409666666672, 9.2167601333333327, 11.832685099999999, 14.738447999999998, 17.963536000000001, 21.324677333333334, 24.939773666666664, 28.79829033333333, 32.887309666666667, 37.001656333333337, 41.309295999999996, 45.797988999999994, 50.253801333333335, 54.860182000000002, 59.39947566666666, 64.060330333333326, 68.828691333333339, 73.272801333333334, 77.997184666666669, 82.566761, 86.960343333333341, 91.156087999999997]]}}