{"Temps": [50, 100, 150, 200, 250, 300, 350, 400, 450, 500, 550, 600, 650, 700, 750, 800, 850, 900, 950, 1000, 1050, 1100, 1150, 1200, 1250, 1300], "dopings": [1.6e+21], "relaxation_time": 0.26, "seebeck": {"average": [[-7.9770073333333329, -9.1442545666666675, -8.2852314333333332, -6.5673766999999996, -3.675407733333333, 0.061773443333333337, 4.5387231000000003, 9.5231875666666674, 14.584665999999999, 19.704794333333336, 24.748098666666667, 29.780343333333334, 34.805856333333331, 39.747129666666666, 44.605589666666667, 49.479558999999995, 54.378506000000009, 59.094019666666668, 63.941395999999997, 68.590610666666677, 73.258996666666675, 77.827152999999996, 82.409995333333342, 86.882015666666689, 91.235763333333338, 95.593300999999997]]}}