{"Temps": [50, 100, 150, 200, 250, 300, 350, 400, 450, 500, 550, 600, 650, 700, 750, 800, 850, 900, 950, 1000, 1050, 1100, 1150, 1200, 1250, 1300], "dopings": [1.1e+21], "relaxation_time": 47, "seebeck": {"average": [[7.7067708666666661, 11.352344933333335, 11.018088366666667, 10.4583844, 10.276285366666668, 10.980438466666667, 12.237294666666665, 14.155238333333331, 16.792811, 19.708197999999999, 22.823749666666668, 26.385263666666663, 30.025602999999993, 33.862577666666667, 37.710061000000003, 41.702565666666672, 45.663176999999997, 49.737760666666667, 53.752440000000007, 57.860801666666667, 61.889181333333319, 65.996280666666664, 70.007438000000008, 73.914740999999992, 77.71108533333333, 81.559541333333343]]}}