{"Temps": [50, 100, 150, 200, 250, 300, 350, 400, 450, 500, 550, 600, 650, 700, 750, 800, 850, 900, 950, 1000, 1050, 1100, 1150, 1200, 1250, 1300], "dopings": [8e+20], "relaxation_time": 17, "seebeck": {"average": [[2.1257624233333332, 2.0447852366666663, 5.4676556666666656, 7.8822674333333325, 9.3671515000000003, 10.633157666666667, 12.158339666666665, 14.031488666666668, 16.429317666666666, 19.182986999999997, 22.537107666666671, 26.121071333333333, 29.862005666666672, 34.043627000000001, 38.110154999999999, 42.546208666666665, 46.973293000000005, 51.364426999999999, 55.882068000000004, 60.512709333333333, 65.058076333333332, 69.504599333333346, 74.027599666666674, 78.429401333333331, 82.699216333333325, 87.012882333333337]]}}