{"Temps": [50, 100, 150, 200, 250, 300, 350, 400, 450, 500, 550, 600, 650, 700, 750, 800, 850, 900, 950, 1000, 1050, 1100, 1150, 1200, 1250, 1300], "dopings": [2.2e+20], "relaxation_time": 17, "seebeck": {"average": [[16.429236066666668, 29.35625233333333, 41.754283000000001, 52.650281333333339, 62.975677000000012, 72.619508333333343, 81.869573000000017, 90.169712000000004, 98.531950666666674, 106.10578333333332, 113.29498233333334, 120.52970000000001, 127.17489999999999, 133.98433, 140.2809566666667, 146.80719999999999, 152.86593666666667, 158.83056333333332, 164.71025, 170.16457999999997, 175.54821000000001, 180.85695999999999, 185.75416333333331, 190.56317999999999, 194.94921666666667, 199.20654333333334]]}}