{"Temps": [50, 100, 150, 200, 250, 300, 350, 400, 450, 500, 550, 600, 650, 700, 750, 800, 850, 900, 950, 1000, 1050, 1100, 1150, 1200, 1250, 1300], "dopings": [5e+19], "relaxation_time": 47, "seebeck": {"average": [[22.297323800000001, 18.233536333333333, 23.85319366666667, 32.178618999999998, 41.449879666666668, 51.161339666666663, 61.047248333333336, 71.11329666666667, 81.038038333333333, 91.276395000000022, 101.29200033333335, 111.35281566666667, 121.12069733333334, 131.27232000000001, 141.08284333333333, 150.48084666666668, 159.74939333333336, 168.75083000000001, 176.56177000000002, 182.98427333333333, 188.10099, 191.05270333333337, 191.75352333333331, 190.21323333333331, 186.37606333333335, 180.89571666666666]]}}