{"Temps": [50, 100, 150, 200, 250, 300, 350, 400, 450, 500, 550, 600, 650, 700, 750, 800, 850, 900, 950, 1000, 1050, 1100, 1150, 1200, 1250, 1300, 1350, 1400, 1450, 1500, 1550, 1600, 1650, 1700, 1750, 1800, 1850, 1900, 1950, 2000], "dopings": [8e+19], "relaxation_time": 10, "seebeck": {"average": [[23.991495999999998, 23.223066000000003, 31.898067000000001, 42.839465666666662, 54.176038333333338, 65.098322333333343, 75.668777000000006, 85.926004999999989, 95.699120666666673, 105.28629866666667, 114.476659, 123.61903100000001, 132.44355666666667, 141.31526333333332, 150.26932333333335, 158.95467333333332, 167.35247666666666, 175.43298333333334, 183.15065666666666, 190.43869999999995, 197.20314666666664, 202.99594000000002, 207.41789666666668, 210.98741666666669, 212.79338333333337, 213.36193666666668, 212.30320666666668, 209.95724333333331, 206.37205666666668, 201.82551333333333, 196.61113, 190.89617999999999, 184.88717333333332, 178.73092, 172.54272, 166.30806666666669, 160.30950666666669, 154.23816333333335, 148.52145666666667, 142.91434666666666]]}}