{"Temps": [50, 100, 150, 200, 250, 300, 350, 400, 450, 500, 550, 600, 650, 700, 750, 800, 850, 900, 950, 1000, 1050, 1100, 1150, 1200, 1250, 1300], "dopings": [2e+20], "relaxation_time": 47, "seebeck": {"average": [[15.594179666666667, 33.278792000000003, 46.806346666666663, 59.118360333333335, 70.987932666666666, 82.289598999999995, 92.986514666666665, 103.38746466666667, 113.24720233333335, 122.9782, 131.98341666666667, 141.02880666666667, 149.46728999999999, 158.06716333333335, 166.50482333333335, 174.80479, 182.62285666666671, 190.33632666666665, 198.30325333333334, 205.81438, 212.87972333333335, 220.17430000000002, 226.67739666666668, 233.36057333333335, 239.23009333333334, 244.88554333333335]]}}