{"Temps": [50, 100, 150, 200, 250, 300, 350, 400, 450, 500, 550, 600, 650, 700, 750, 800, 850, 900, 950, 1000, 1050, 1100, 1150, 1200, 1250, 1300], "dopings": [2.5e+20], "relaxation_time": 15, "seebeck": {"average": [[13.501265999999999, 25.364727333333335, 36.760145999999999, 47.765211666666666, 58.335891333333336, 68.351432333333335, 78.027241333333336, 87.129965333333345, 95.738669000000002, 103.94852733333333, 111.84848166666666, 119.51197000000001, 127.33040999999999, 134.67684333333332, 141.91135, 149.0531, 155.77746333333332, 162.76600333333334, 169.35160666666664, 175.87075999999999, 182.31942000000001, 188.37169333333335, 194.03126, 199.90957, 205.06715333333332, 210.09633666666664]]}}