{"Temps": [50, 100, 150, 200, 250, 300, 350, 400, 450, 500, 550, 600, 650, 700, 750, 800, 850, 900, 950, 1000, 1050, 1100, 1150, 1200, 1250, 1300], "dopings": [1.4e+20], "relaxation_time": 2.2, "seebeck": {"average": [[12.47036093, 24.525986, 37.453598666666672, 48.786900666666668, 59.021781666666669, 68.673792000000006, 77.799243333333337, 86.724684666666676, 95.305615333333321, 103.57825833333334, 111.88552099999998, 119.98341166666667, 128.22558333333333, 135.98226333333332, 143.93165333333334, 151.75039999999998, 159.44006333333334, 166.99739, 174.06915666666666, 181.33130000000003, 188.07732333333334, 194.61995666666664, 200.91398666666669, 206.28018666666665, 211.30580333333333, 215.34105333333332]]}}